<?xml version="1.0" encoding="utf-8"?>
<!-- Splash screen file, saved 10/16/2025 7:18:51 AM using CourseLab 220109 -->
<splash>
<settings>
<showsplash>no</showsplash>
<fitwindow>yes</fitwindow>
<fit_small_window>yes</fit_small_window>
</settings>
<data>
<![CDATA[<img src="images/Pemandangan.jpg" style="position:absolute;left:0px;top:0px;width:1280px;height:720px;"/><div style="position: absolute; left: 223px; top: 134px; width: 299px; height: 413px;"><div class="style-custom" data-ie9="1" style="display: none" ><div class="rule" data-name="#OBJ_35 .cl-box"><span class="rule-dynamic" data-type="linear-gradient" data-angle="60" data-colors="#FFFFB3|0;#C4FFC4|100" /></div></div><div class="cl-container unselectable" style="width: 299px; height: 413px;" ><div class="cl-box" style="width: 297px; height: 411px; background-color: #FFFFB3; background-image: -o-linear-gradient(30deg,#FFFFB3 0%,#C4FFC4 100%); background-image: -ms-linear-gradient(30deg,#FFFFB3 0%,#C4FFC4 100%); background-image: -moz-linear-gradient(30deg,#FFFFB3 0%,#C4FFC4 100%); background-image: -webkit-linear-gradient(30deg,#FFFFB3 0%,#C4FFC4 100%); background-image: linear-gradient(60deg,#FFFFB3 0%,#C4FFC4 100%); border-color: #003E10; border-width: 1px  1px 1px 1px; -moz-border-radius: 20px 20px 20px 20px; -webkit-border-radius: 20px 20px 20px 20px; border-radius: 20px 20px 20px 20px; ">
			 
		</div></div></div><div style="position: absolute; left: 299px; top: 461px; width: 150px; height: 45px;"><div style="position: absolute; width: 150px; height: 45px; -webkit-touch-callout: none; -webkit-user-select: none; -khtml-user-select: none; -moz-user-select: none; -ms-user-select: none; user-select: none;" title="MULAI" ><div id="MN6_TTL_BTN_BTN" style="cursor: pointer; position: relative; left: 0; top: 0; box-sizing: border-box; width: 150px; height: 45px; border-style: solid; border-width: 1px; border-color: #006400; -o-border-radius: 10px; -ms-border-radius: 10px; -moz-border-radius: 10px; -webkit-border-radius: 10px; border-radius: 10px;-o-box-shadow: 2px 2px 6px rgba(102,102,102,0.66);-ms-box-shadow: 2px 2px 6px rgba(102,102,102,0.66);-moz-box-shadow: 2px 2px 6px rgba(102,102,102,0.66); -webkit-box-shadow: 2px 2px 6px rgba(102,102,102,0.66); box-shadow: 2px 2px 6px rgba(102,102,102,0.66);border-color: #006400; background-color: #CAFFCA;background-image: -o-linear-gradient(90deg, #CAFFCA 0%, #ECFFEC 100%); background-image: -ms-linear-gradient(90deg, #CAFFCA 0%, #ECFFEC 100%); background-image: -moz-linear-gradient(90deg, #CAFFCA 0%, #ECFFEC 100%); background-image: -webkit-linear-gradient(90deg, #CAFFCA 0%, #ECFFEC 100%); background-image: linear-gradient(0deg, #CAFFCA 0%, #ECFFEC 100%);" onmouseover="this.setAttribute('style', this.getAttribute('data-style-over'));" onmouseout="this.setAttribute('style', this.getAttribute('data-style-idle'));" onclick="CL.Start(); return false;" data-style-idle="cursor: pointer; position: relative; left: 0; top: 0; box-sizing: border-box; width: 150px; height: 45px; border-style: solid; border-width: 1px; border-color: #006400; -o-border-radius: 10px; -ms-border-radius: 10px; -moz-border-radius: 10px; -webkit-border-radius: 10px; border-radius: 10px;-o-box-shadow: 2px 2px 6px rgba(102,102,102,0.66);-ms-box-shadow: 2px 2px 6px rgba(102,102,102,0.66);-moz-box-shadow: 2px 2px 6px rgba(102,102,102,0.66); -webkit-box-shadow: 2px 2px 6px rgba(102,102,102,0.66); box-shadow: 2px 2px 6px rgba(102,102,102,0.66);border-color: #006400; background-color: #CAFFCA;background-image: -o-linear-gradient(90deg, #CAFFCA 0%, #ECFFEC 100%); background-image: -ms-linear-gradient(90deg, #CAFFCA 0%, #ECFFEC 100%); background-image: -moz-linear-gradient(90deg, #CAFFCA 0%, #ECFFEC 100%); background-image: -webkit-linear-gradient(90deg, #CAFFCA 0%, #ECFFEC 100%); background-image: linear-gradient(0deg, #CAFFCA 0%, #ECFFEC 100%);" data-style-over="cursor: pointer; position: relative; left: 0; top: 0; box-sizing: border-box; width: 150px; height: 45px; border-style: solid; border-width: 1px; border-color: #006400; -o-border-radius: 10px; -ms-border-radius: 10px; -moz-border-radius: 10px; -webkit-border-radius: 10px; border-radius: 10px;-o-box-shadow: 2px 2px 6px rgba(102,102,102,0.66);-ms-box-shadow: 2px 2px 6px rgba(102,102,102,0.66);-moz-box-shadow: 2px 2px 6px rgba(102,102,102,0.66); -webkit-box-shadow: 2px 2px 6px rgba(102,102,102,0.66); box-shadow: 2px 2px 6px rgba(102,102,102,0.66);border-color: #006400; background-color: #CAFFCA;background-image: -o-linear-gradient(270deg, #CAFFCA 0%, #ECFFEC 100%); background-image: -ms-linear-gradient(270deg, #CAFFCA 0%, #ECFFEC 100%); background-image: -moz-linear-gradient(270deg, #CAFFCA 0%, #ECFFEC 100%); background-image: -webkit-linear-gradient(270deg, #CAFFCA 0%, #ECFFEC 100%); background-image: linear-gradient(180deg, #CAFFCA 0%, #ECFFEC 100%);"><div id="MN6_TTL_BTN_BTN_BG" style="position: relative; padding: 0; margin: 0; width: 148px; height: 43px; "><table id="MN6_TTL_BTN_BTN_TABLE" style="border-spacing: 0; width: 148px; height: 43px;"><tr><td id="MN6_TTL_BTN_BTN_TABLE_CONTENT" style="text-align: center; vertical-align: middle; padding: 0; text-shadow: 1px 1px 2px rgba(255,255,255,0.66); width: 148px; height: 43px; font-family: clear_sans_mediumregular, Arial, sans-serif; font-size: 16px; color: #004800; ">MULAI</td></tr></table></div></div></div></div><img src="images/TG9nbyBVTVk_.png" style="position:absolute;left:325px;top:284px;width:100px;height:135px;"/><div style="position: absolute; box-sizing: border-box; left: 222px; top: 152px; width: 297px; height: 100px;"><p style="text-align: center;">&nbsp;</p>

<p style="text-align: center;"><span style="color:#cc0000;"><font face="verdana, geneva, sans-serif"><span style="font-size: 22px; line-height: 26.399999618530273px;"><b>Teknologi Multimedia</b></span></font></span></p>

<p style="text-align: center;"><span style="color:#cc0000;"><span style="font-family:verdana,geneva,sans-serif;">Speech 2 Text Conversion</span></span></p></div>]]>
</data>
</splash>
