<?xml version="1.0" encoding="utf-8" standalone="no"?>
<!-- This is a SCORM 1.2 manifest file, created 10/16/2025 7:18:53 AM by LENOVO using CourseLab 220109 -->
<manifest xmlns="http://www.imsproject.org/xsd/imscp_rootv1p1p2" xmlns:adlcp="http://www.adlnet.org/xsd/adlcp_rootv1p2" xmlns:xsi="http://www.w3.org/2001/XMLSchema-instance" xsi:schemaLocation=" http://www.imsproject.org/xsd/imscp_rootv1p1p2 imscp_rootv1p1p2.xsd http://www.adlnet.org/xsd/adlcp_rootv1p2 adlcp_rootv1p2.xsd" identifier="MANIFEST-54EDB8B0_1F59_4B1D_99CA_3B6822DB425F" version="1.0">
<metadata>
<schema>ADL SCORM</schema>
<schemaversion>1.2</schemaversion>
</metadata>
<organizations default="EQ Template">
<organization identifier="EQ Template">
<title>IoT Live Coding</title>
<item identifier="EQ Temp" identifierref="RES1" parameters="?width=1600&amp;height=900">
<title>PiCode</title>
</item>
</organization>
</organizations>
<resources>
<resource identifier="RESCOURSEIMAGES" adlcp:scormtype="asset" type="webcontent">
<file href="courseimages/1blank.gif"/>
<file href="courseimages/cl-fonts.css"/>
<file href="courseimages/cl.js"/>
<file href="courseimages/click1.mp3"/>
<file href="courseimages/click1.ogg"/>
<file href="courseimages/click1.swf"/>
<file href="courseimages/click2.mp3"/>
<file href="courseimages/click2.ogg"/>
<file href="courseimages/click2.swf"/>
<file href="courseimages/click3.mp3"/>
<file href="courseimages/click3.ogg"/>
<file href="courseimages/click3.swf"/>
<file href="courseimages/click4.mp3"/>
<file href="courseimages/click4.ogg"/>
<file href="courseimages/click4.swf"/>
<file href="courseimages/courselab.css"/>
<file href="courseimages/courselab.js"/>
<file href="courseimages/cursor_arrow.png"/>
<file href="courseimages/cursor_click.png"/>
<file href="courseimages/dummy.swf"/>
<file href="courseimages/failure1.mp3"/>
<file href="courseimages/failure1.ogg"/>
<file href="courseimages/failure1.swf"/>
<file href="courseimages/failure2.mp3"/>
<file href="courseimages/failure2.ogg"/>
<file href="courseimages/failure2.swf"/>
<file href="courseimages/failure3.mp3"/>
<file href="courseimages/failure3.ogg"/>
<file href="courseimages/failure3.swf"/>
<file href="courseimages/failure4.mp3"/>
<file href="courseimages/failure4.ogg"/>
<file href="courseimages/failure4.swf"/>
<file href="courseimages/jquery-ui.js"/>
<file href="courseimages/jquery.addons.js"/>
<file href="courseimages/jquery.js"/>
<file href="courseimages/legacy.js"/>
<file href="courseimages/lms.js"/>
<file href="courseimages/over1.mp3"/>
<file href="courseimages/over1.ogg"/>
<file href="courseimages/over1.swf"/>
<file href="courseimages/over2.mp3"/>
<file href="courseimages/over2.ogg"/>
<file href="courseimages/over2.swf"/>
<file href="courseimages/over3.mp3"/>
<file href="courseimages/over3.ogg"/>
<file href="courseimages/over3.swf"/>
<file href="courseimages/over4.mp3"/>
<file href="courseimages/over4.ogg"/>
<file href="courseimages/over4.swf"/>
<file href="courseimages/progress.gif"/>
<file href="courseimages/success1.mp3"/>
<file href="courseimages/success1.ogg"/>
<file href="courseimages/success1.swf"/>
<file href="courseimages/success2.mp3"/>
<file href="courseimages/success2.ogg"/>
<file href="courseimages/success2.swf"/>
<file href="courseimages/success3.mp3"/>
<file href="courseimages/success3.ogg"/>
<file href="courseimages/success3.swf"/>
<file href="courseimages/success4.mp3"/>
<file href="courseimages/success4.ogg"/>
<file href="courseimages/success4.swf"/>
<file href="courseimages/webfonts/Clear/Clear_Font_Family_Apache_License.txt"/>
<file href="courseimages/webfonts/Clear/Medium/ClearSans-Medium.ttf"/>
<file href="courseimages/webfonts/Clear/Medium/ClearSans-Medium.woff"/>
<file href="courseimages/webfonts/Clear/Medium/ClearSans-Medium.woff2"/>
<file href="courseimages/webfonts/Clear/Medium/ClearSans-MediumItalic.ttf"/>
<file href="courseimages/webfonts/Clear/Medium/ClearSans-MediumItalic.woff"/>
<file href="courseimages/webfonts/Clear/Medium/ClearSans-MediumItalic.woff2"/>
<file href="courseimages/webfonts/Clear/Regular/ClearSans-Bold.ttf"/>
<file href="courseimages/webfonts/Clear/Regular/ClearSans-Bold.woff"/>
<file href="courseimages/webfonts/Clear/Regular/ClearSans-Bold.woff2"/>
<file href="courseimages/webfonts/Clear/Regular/ClearSans-BoldItalic.ttf"/>
<file href="courseimages/webfonts/Clear/Regular/ClearSans-BoldItalic.woff"/>
<file href="courseimages/webfonts/Clear/Regular/ClearSans-BoldItalic.woff2"/>
<file href="courseimages/webfonts/Clear/Regular/ClearSans-Italic.ttf"/>
<file href="courseimages/webfonts/Clear/Regular/ClearSans-Italic.woff"/>
<file href="courseimages/webfonts/Clear/Regular/ClearSans-Italic.woff2"/>
<file href="courseimages/webfonts/Clear/Regular/ClearSans-Regular.ttf"/>
<file href="courseimages/webfonts/Clear/Regular/ClearSans-Regular.woff"/>
<file href="courseimages/webfonts/Clear/Regular/ClearSans-Regular.woff2"/>
<file href="courseimages/webfonts/Roboto/Regular/Roboto-Bold.ttf"/>
<file href="courseimages/webfonts/Roboto/Regular/Roboto-Bold.woff"/>
<file href="courseimages/webfonts/Roboto/Regular/Roboto-Bold.woff2"/>
<file href="courseimages/webfonts/Roboto/Regular/Roboto-BoldItalic.ttf"/>
<file href="courseimages/webfonts/Roboto/Regular/Roboto-BoldItalic.woff"/>
<file href="courseimages/webfonts/Roboto/Regular/Roboto-BoldItalic.woff2"/>
<file href="courseimages/webfonts/Roboto/Regular/Roboto-Italic.ttf"/>
<file href="courseimages/webfonts/Roboto/Regular/Roboto-Italic.woff"/>
<file href="courseimages/webfonts/Roboto/Regular/Roboto-Italic.woff2"/>
<file href="courseimages/webfonts/Roboto/Regular/Roboto-Regular.ttf"/>
<file href="courseimages/webfonts/Roboto/Regular/Roboto-Regular.woff"/>
<file href="courseimages/webfonts/Roboto/Regular/Roboto-Regular.woff2"/>
<file href="courseimages/webfonts/Roboto/Roboto_Font_Family_Apache_License.txt"/>
</resource>
<resource identifier="RES1" adlcp:scormtype="sco" href="1/start.html" type="webcontent">
<file href="1/module.js"/>
<file href="1/start.html"/>
<file href="1/splash.xml"/>
<file href="1/runtime.xml"/>
<file href="1/images/BvSsh.exe"/>
<file href="1/images/course.css"/>
<file href="1/images/evaluate.png"/>
<file href="1/images/evaluate1.png"/>
<file href="1/images/JavaScript.png"/>
<file href="1/images/minimal_0006_05_0.gif"/>
<file href="1/images/minimal_0006_05_1.gif"/>
<file href="1/images/minimal_0006_05_2.gif"/>
<file href="1/images/nav_0002_navi_win/navi_tab_contents_sprite.png"/>
<file href="1/images/p5.html"/>
<file href="1/images/Pemandangan.jpg"/>
<file href="1/images/restart1.png"/>
<file href="1/images/restart2.png"/>
<file href="1/images/run_button_hover4.png"/>
<file href="1/images/run_button_hover5.png"/>
<file href="1/images/run_button_light4.png"/>
<file href="1/images/ssh.png"/>
<file href="1/images/tailscale.png"/>
<file href="1/images/Telnet.png"/>
<file href="1/images/TG9nbyBVTVk_.png"/>
<file href="1/images/totermw.exe"/>
<file href="1/images/wait.gif"/>
<file href="1/images/xSHAPE1.png"/>
<file href="1/images/xSHAPE2.png"/>
<dependency identifierref="RESCOURSEIMAGES"/>
</resource>
</resources>
</manifest>